{
  "color": {
    "primary": "#4338ca",
    "accent": "#06b6d4",
    "bg": "#0b0b10",
    "surface": "#11121a",
    "surface2": "#181a24",
    "text": "#e6e7ee",
    "muted": "#a0a3b1",
    "success": "#10b981",
    "warning": "#f59e0b",
    "danger": "#ef4444"
  },
  "radius": {
    "sm": "6px",
    "md": "10px",
    "lg": "16px",
    "xl": "24px",
    "2xl": "32px"
  },
  "space": {
    "xs": "4px",
    "sm": "8px",
    "md": "12px",
    "lg": "16px",
    "xl": "24px",
    "2xl": "32px",
    "3xl": "48px",
    "4xl": "64px"
  },
  "shadow": {
    "sm": "0 1px 2px rgba(0,0,0,0.18)",
    "md": "0 6px 16px rgba(0,0,0,0.25)",
    "lg": "0 12px 32px rgba(0,0,0,0.35)"
  },
  "type": {
    "fontSans": "'Inter', system-ui, -apple-system, 'Segoe UI', Roboto, Arial, sans-serif",
    "size": {
      "xs": "12px",
      "sm": "14px",
      "base": "16px",
      "lg": "18px",
      "xl": "20px",
      "2xl": "24px",
      "3xl": "30px",
      "4xl": "36px",
      "5xl": "48px"
    },
    "weight": {
      "normal": 400,
      "medium": 500,
      "semibold": 600,
      "bold": 700
    }
  }
}